{
    "loss": 16.63922882080078,
    "accuracy": 0.5797485113143921
}