{
    "loss": 6.165825843811035,
    "accuracy": 0.6651224493980408
}