{
    "loss": 2.0943520069122314,
    "accuracy": 0.7935142517089844
}