{
    "loss": 1.7741109132766724,
    "accuracy": 0.7213765978813171
}